Customer ID,Churn Category
2273-QCKXA,0
2450-ZKEED,0
5380-XPJNZ,0
3737-GCSPV,1
5956-VKDTT,0
6734-JDTTV,1
1269-FOYWN,1
2181-UAESM,1
5060-TQUQN,0
0854-UYHZD,0
0887-WBJVH,0
3199-XGZCY,1
2037-SGXHH,1
0877-SDMBN,0
1608-GMEWB,0
6616-AALSR,1
4146-SVFUD,1
5201-USSQZ,0
2669-OIDSD,0
6481-ESCNL,1
2189-UXTKY,1
3594-IVHJZ,0
5567-WSELE,0
3301-VKTGC,0
1790-NESIO,1
6899-PPEEA,0
8348-HFYIV,0
4994-OBRSZ,0
5357-TZHPP,0
1666-JZPZT,0
8496-DMZUK,1
8224-UAXBZ,0
3646-ITDGM,0
8815-LMFLX,0
6857-TKDJV,0
7173-TETGO,0
0666-UXTJO,0
7140-ADSMJ,0
7566-DSRLQ,1
6922-NCEDI,1
9360-AHGNL,0
6986-IXNDM,1
7594-RQHXR,0
0635-WKOLD,1
4501-VCPFK,1
5322-TEUJK,0
6469-MRVET,0
4355-CVPVS,1
5898-IGSLP,0
7139-JZFVG,0
4807-IZYOZ,0
0042-RLHYP,0
0788-DXBFY,0
7225-CBZPL,0
3084-DOWLE,1
7010-ZMVBF,0
3987-KQDDU,1
8183-ONMXC,1
2845-HSJCY,0
3208-YPIOE,1
0214-JHPFW,1
7636-OWBPG,0
7945-PRBVF,1
3550-SAHFP,0
9150-KPBJQ,1
5644-PDMZC,1
0356-ERHVT,0
0916-QOFDP,0
1334-FJSVR,0
1585-MQSSU,0
4592-IWTJI,1
8668-KNZTI,0
5863-OOKCL,1
4912-PIGUY,1
7605-SNLQG,0
9068-FHQHD,0
2692-PFYTJ,0
3219-JQRSL,0
1697-NVVGY,1
0378-XSZPU,0
2208-NKVVH,1
2165-VOEGB,1
3996-ZNWYK,0
7395-IGJOS,1
1135-HIORI,0
7814-LEEVE,0
9348-YVOMK,0
3978-YNKDD,0
1557-EMYVT,0
0595-ITUDF,0
6985-HAYWX,0
3090-LETTY,0
6769-DCQLI,0
4879-GZLFH,0
7089-IVVAZ,0
7929-DMBCV,1
9251-WNSOD,0
2626-URJFX,0
0902-XKXPN,0
0074-HDKDG,0
2592-HODOV,1
4929-BSTRX,0
3050-RLLXC,0
6023-GSSXW,0
6633-MPWBS,0
5150-LJNSR,0
1757-TCATG,0
2189-WWOEW,0
8565-WUXZU,0
1841-YSJGV,0
0060-FUALY,0
9514-JDSKI,0
6005-OBZPH,0
6633-SYEUS,0
6646-JPPHA,0
4342-HENTK,1
5808-TOTXO,1
0104-PPXDV,1
9780-FKVVF,1
6188-UXBBR,1
4819-HJPIW,0
6942-LBFDP,0
7065-YUNRY,0
2749-CTKAJ,0
4811-JBUVU,0
2344-JMOGN,0
9108-EQPNQ,0
5380-AFSSK,0
6087-MVHJH,0
8853-TZDGH,0
2826-DXLQO,0
0178-SZBHO,0
9617-UDPEU,0
7647-GYYKX,0
8008-ESFLK,0
1013-QCWAM,0
8676-TRMJS,0
6016-LVTJQ,0
9715-SBVSU,1
4616-ULAOA,0
5309-TAIKL,0
4530-NDRKU,1
1156-ZFYDO,0
4182-BGSIQ,1
5115-SQAAU,0
4013-GUXND,0
4568-TTZRT,0
4612-SSVHJ,0
6778-YSNIH,0
5527-ACHSO,1
6769-DYBQN,1
4160-AMJTL,0
5297-MDOIR,0
2519-ERQOJ,0
4797-AXPXK,0
9692-TUSXH,0
6352-GIGGQ,0
2307-FYNNL,1
5702-KVQRD,0
1251-KRREG,0
6695-AMZUF,0
3349-ANQNH,0
3703-VAVCL,0
5832-EXGTT,1
2908-ZTPNF,0
2257-BOVXD,1
8896-RAZCR,0
7967-HYCDE,0
2458-EOMRE,0
1666-JXLKU,0
6008-NAIXK,0
4926-UMJZD,0
7703-ZEKEF,0
2829-HYVZP,0
1400-MMYXY,1
0224-RLWWD,0
8319-QBEHW,0
7601-DHFWZ,0
8375-KVTHK,1
0536-ACXIP,0
9495-SKLKD,0
8784-CGILN,0
2439-QKJUL,1
1265-ZFOSD,0
4391-RESHN,0
3506-LCJDC,0
2688-BHGOG,0
0107-YHINA,0
7061-OVMIM,0
4759-PXTAN,1
6174-NRBTZ,0
3509-GWQGF,0
6010-DDPPW,0
0822-GAVAP,1
0547-HURJB,0
4884-LEVMQ,0
7861-UVUFT,1
9513-DXHDA,0
1125-SNVCK,1
7776-QGYJC,0
4598-ZADCK,1
7682-AZNDK,1
8414-OOEEL,0
1319-YLZJG,0
4385-ZKVNW,0
6128-AQBMT,1
5231-FIQPA,0
3902-MIVLE,0
2582-FFFZR,0
5649-ANRML,0
0410-IPFTY,0
0856-NAOES,0
1468-DEFNC,0
2251-PYLPB,0
0621-TWIEM,0
2433-KMEAS,1
2143-LJULT,1
1984-GPTEH,0
6789-HJBWG,1
0533-BNWKF,0
7570-WELNY,0
6617-WLBQC,0
7876-AEHIG,0
8107-RZLNV,0
4625-XMOYM,0
2657-ALMWY,0
2120-SMPEX,1
5275-SQEIZ,0
7148-XZPHA,0
1400-WIVLL,0
5602-BVFMK,0
0234-TEVTT,0
8565-CLBZW,0
5293-WXJAK,0
2027-CWDNU,0
1222-LRYKO,0
0835-DUUIQ,0
6656-GULJQ,0
4110-PFEUZ,0
2075-PUEPR,1
5131-PONJI,0
8305-VHZBZ,0
0602-DDUML,0
4632-PAOYU,0
9565-AXSMR,0
6341-JVQGF,0
8409-WQJUX,0
5996-DAOQL,0
2465-BLLEU,0
4112-LUEIZ,0
1960-UOTYM,0
7274-RTAPZ,0
3397-AVTKU,0
3167-SNQPL,0
9402-CXWPL,0
5570-PTWEH,1
8058-JMEQO,0
1307-ATKGB,0
2024-BASKD,1
7083-MIOPC,0
6127-IYJOZ,0
4849-PYRLQ,0
2195-VVRJF,0
3372-CDXFJ,0
7325-ENZFI,0
2542-HYGIQ,0
1452-KIOVK,0
6000-UKLWI,0
3462-BJQQA,0
1208-NBVFH,1
7359-PTSXY,0
2393-DIVAI,0
5678-VFNEQ,0
6908-VVYHM,0
9174-IHETN,0
3727-OVPRY,0
1200-TUZHR,0
5777-ZPQNC,0
0968-GSIKN,0
3489-HHPFY,0
2302-OUZXB,1
2692-AQCPF,1
8671-KKKOS,0
2634-HCZGT,0
8974-OVACP,0
6732-VAILE,0
7115-IRDHS,0
0577-WHMEV,0
1240-HCBOH,1
4003-OCTMP,0
2235-DWLJU,1
7318-EIVKO,1
8104-OSKWT,1
8845-LWKGE,0
3511-BFTJW,0
3454-JFUBC,0
8550-XSXUQ,0
8650-RHRKE,0
7554-NEWDD,1
8873-GLDMH,0
4537-CIBHB,0
1550-EENBN,0
7817-BOQPW,0
9763-PDTKK,0
8016-ZMGMO,1
5939-SXWHM,1
7698-YFGEZ,0
8577-QSOCG,0
4628-CTTLA,0
3724-BSCVH,0
9418-RUKPH,0
1699-HPSBG,1
3537-HPKQT,0
7998-ZLXWN,0
8069-YQQAJ,0
9142-KZXOP,0
7249-WBIYX,1
6715-OFDBP,0
4373-MAVJG,0
7927-AUXBZ,0
3417-TSCIC,0
4006-HKYHO,0
2729-VNVAP,0
9537-VHDTA,0
8387-MOJJT,0
5052-PNLOS,0
4289-DTDKW,0
8455-HIRAQ,0
9027-YFHQJ,0
7538-GWHML,0
9640-ZSLDC,0
6583-KQJLK,0
9207-ZPANB,0
9720-JJJOR,0
5917-HBSDW,0
9445-ZUEQE,0
1704-NRWYE,0
6993-YCOBK,1
3701-SFMUH,0
0486-LGCCH,0
6621-NRZAK,0
9392-XBGTD,0
1843-TLSGD,0
0871-OPBXW,1
7785-RDVIG,0
9987-LUTYD,0
6474-FVJLC,0
7446-YPODE,0
3744-ZRRDZ,1
9334-GWGOW,0
7030-NJVDP,1
5948-UJZLF,0
9189-JWSHV,0
0993-OSGPT,0
7153-OANIO,0
3870-SPZSI,1
6680-WKXRZ,0
5668-MEISB,1
3594-UVONA,0
6668-CNMFP,0
1183-CANVH,0
1209-VFFOC,0
3721-CNEYS,0
1266-NZYUI,0
1029-QFBEN,0
4998-IKFSE,0
7892-POOKP,0
1536-HBSWP,0
3824-RHKVR,0
0584-BJQGZ,1
4307-KWMXE,0
7825-ECJRF,0
7018-WBJNK,0
4210-QFJMF,0
3612-YUNGG,0
0519-DRGTI,0
0064-YIJGF,0
4986-MXSFP,0
8905-IAZPF,0
0997-YTLNY,0
2259-OUUSZ,0
6646-VRFOL,0
8687-BAFGU,0
8591-TKMZH,1
5383-MMTWC,0
9443-JUBUO,0
5965-GGPRW,0
2220-IAHLS,0
0704-VCUMB,0
5155-AZQPB,0
9945-PSVIP,1
8397-MVTAZ,0
9481-IEBZY,0
0112-QWPNC,0
7241-AJHFS,1
3279-DYZQM,0
2791-SFVEW,0
0432-CAJZV,0
0440-EKDCF,0
2320-YKQBO,0
8132-YPVBX,1
8809-XKHMD,0
1866-RZZQS,0
3468-DRVQJ,0
7617-EYGLW,0
6156-UZDLF,1
2845-KDHVX,1
4683-WYDOU,1
3873-NFTGI,0
4137-BTIKL,0
5977-CKHON,0
4393-GEADV,0
9184-GALIL,0
5055-BRMNE,1
0220-EBGCE,0
0654-PQKDW,0
9360-OMDZZ,1
8292-ITGYJ,0
8738-JOKAR,0
9896-UYMIE,0
1599-EAHXY,1
8203-XJZRC,0
0186-CAERR,1
7147-AYBAA,0
8229-TNIQA,0
5136-KCKGI,1
1196-AMORA,0
9931-KGHOA,0
5312-IRCFR,0
3957-SQXML,0
8033-VCZGH,0
2018-QKYGT,0
7931-PXHFC,0
7379-FNIUJ,0
2347-WKKAE,0
1216-BGTSP,0
8823-RLPWL,0
1389-WNUIB,0
6705-LNMDD,0
0829-DDVLK,0
2954-PIBKO,0
5204-QZXPU,0
6838-HVLXG,0
5014-GSOUQ,0
0898-XCGTF,0
5405-ZMYXQ,0
0750-EKNGL,0
2363-BJLSL,0
2740-TVLFN,0
2853-CWQFQ,0
4891-NLUBA,0
7633-MVPUY,0
6326-MTTXK,0
2237-ZFSMY,0
5502-RLUYV,0
0365-GXEZS,0
3976-NLDEZ,1
2013-SGDXK,0
5148-ORICT,1
4090-KPJIP,1
7503-ZGUZJ,0
0374-IOEGQ,0
2225-ZRGSG,0
9732-OUYRN,1
3571-RFHAR,1
3850-OKINF,0
1751-NCDLI,0
2208-MPXIO,0
6629-CZTTH,0
3164-YAXFY,1
3985-HOYPM,0
1394-SUIUH,0
0661-KQHNK,0
0168-XZKBB,0
1564-NTYXF,0
2027-FECZV,0
7459-IMVYU,0
0376-YMCJC,0
0135-NMXAP,0
5271-DBYSJ,1
9124-LHCJQ,0
5701-YVSVF,0
6646-QVXLR,0
0156-FVPTA,0
0971-QIFJK,0
1335-NTIUC,1
3807-XHCJH,0
6323-AYBRX,0
1839-FBNFR,1
3567-PQTSO,0
9388-ZEYVT,0
8663-UPDGF,1
8573-CGOCC,0
8400-WZICQ,0
2150-UWTFY,0
1376-HHBDV,0
4607-CHPCA,0
2856-HYAPG,1
9774-NRNAU,0
9013-AQORL,0
0754-UKWQP,0
7398-HPYZQ,0
9554-DFKIC,1
8931-GJJIQ,0
5583-SXDAG,0
0541-FITGH,0
7284-ZZLOH,0
7321-VGNKU,0
3967-KXAPS,0
2774-LVQUS,0
2754-XBHTB,0
8540-ZQGEA,0
0578-SKVMF,0
9531-NSBMR,0
0471-LVHGK,0
3669-LVWZB,0
4902-OHLSK,0
5906-BFOZT,0
5982-XMDEX,0
5930-GBIWP,0
6885-PKOAM,0
3473-XIIIT,0
4801-KFYKL,0
1930-BZLHI,0
1705-GUHPV,0
6797-LNAQX,0
4465-VDKIQ,0
3470-BTGQO,0
0719-SYFRB,0
2520-SGTTA,0
4395-PZMSN,0
9907-SWKKF,1
3755-JBMNH,0
1131-SUEKT,0
6304-IJFSQ,0
0557-ASKVU,0
3370-GQEAL,0
1074-WVEVG,0
9103-CXVOK,1
5377-NDTOU,0
7326-RIGQZ,1
4521-WFJAI,0
3658-KIBGF,0
4317-VTEOA,0
5474-LAMUQ,0
4531-AUZNK,0
8495-LJDFO,0
2194-IIQOF,1
2639-UGMAZ,0
7579-OOPEC,1
7675-OZCZG,0
1465-VINDH,0
1074-AMIOH,0
4523-WXCEF,0
9518-IMLHK,0
0042-JVWOJ,0
2193-SFWQW,0
2129-ALKBS,0
0320-DWVTU,0
4390-KYULV,0
4203-QGNZA,0
2801-NISEI,0
9881-VCZEP,0
2226-ICFDO,0
1478-VPOAD,1
2371-KFUOG,0
8382-SHQEH,0
0947-IDHRQ,1
7619-ODSGN,1
4931-TRZWN,0
0263-FJTQO,0
9730-DRTMJ,0
7270-BDIOA,1
2869-ADAWR,1
7989-AWGEH,0
8066-POXGX,0
6331-LWDTQ,0
7668-XCFYV,1
8510-TMWYB,0
5176-LMJXE,1
9725-SCPZG,1
3050-GBUSH,0
0257-ZESQC,0
6967-QIQRV,1
3887-PBQAO,0
9839-ETQOE,1
7950-XWOVN,0
0516-VRYBW,1
4828-FAZPK,0
7739-LAXOG,0
1094-BKOSX,1
3635-QQRQD,1
8824-RWFXJ,0
9593-CVZKR,0
2947-DOMLJ,0
2654-VBVPB,0
4730-AWNAU,0
2519-TWKFS,0
8782-LKFPK,1
8992-VONJD,0
4510-PYUSH,0
7727-SHVZV,0
7733-UDMTP,0
8710-YGLWG,0
3705-RHRFR,0
6711-FLDFB,0
2361-UPSND,0
2928-HLDBA,0
3665-JATSN,0
7354-OIJLX,1
0221-NAUXK,0
6631-HMANX,0
0761-AETCS,0
3129-AAQOU,0
3329-WDIOK,0
2279-AXJJK,0
5931-FLJJF,0
4396-KLSEH,0
2077-MPJQO,0
7613-LLQFO,0
4609-KNNWG,0
6140-QNRQQ,0
8124-NZVGJ,0
3253-HKOKL,0
2739-CACDQ,0
4909-JOUPP,0
5647-URDKA,1
7401-JIXNM,0
0244-LGNFY,0
5248-YGIJN,1
4468-YDOVK,1
6711-VTNRE,1
3520-FJGCV,0
2788-CJQAQ,0
3640-JQGJG,0
5729-KLZAR,0
1207-BLKSA,0
4767-HZZHQ,0
5360-LJCNJ,0
3886-CERTZ,0
2900-PHPLN,0
5494-WOZRZ,0
2863-IMQDR,0
0347-UBKUZ,1
5196-SGOAK,0
2181-TIDSV,0
2606-PKWJB,0
4012-YCFAI,1
4381-MHQDC,0
6725-TPKJO,0
7143-BQIBA,0
4658-HCOHW,0
3068-OMWZA,1
2819-GWENI,0
4183-WCSEP,0
4818-DRBQT,0
7674-YTAFD,0
7683-CBDKJ,0
8999-EXMNO,1
1219-NNDDO,0
4625-EWPTF,0
5680-LQOGP,0
5858-EAFCZ,0
9500-LTVBP,0
8595-SIZNC,1
7449-HVPIV,0
8125-QPFJD,0
8393-DLHGA,0
7923-IYJWY,0
5879-HMFFH,0
7421-ZLUPA,0
4512-ZUIYL,0
8242-JSVBO,0
2661-GKBTK,0
7337-CINUD,0
6257-RJOHI,0
6861-XWTWQ,1
7797-EJMDP,1
9512-PHSMG,1
4636-JGAAI,1
7774-OJSXI,0
3638-VBZTA,0
1389-CXMLU,0
5168-MSWXT,1
4622-YNKIJ,0
3317-HRTNN,0
4462-CYWMH,0
3863-QSTYI,0
9283-LZQOH,0
0581-BXBUB,0
5928-QLDHB,0
2516-VQRRV,0
3259-QMXUN,0
7916-VCCPB,1
6158-HDPXZ,0
3199-NPKCN,0
9820-RMCQV,1
5730-DBDSI,0
6861-OKBCE,0
9209-NWPGU,0
7365-BVCJH,0
7994-UYIVZ,1
2696-RZVZW,0
3563-SVYLG,0
2514-GINMM,0
9764-REAFF,1
7623-TRNQN,0
8467-WYNSR,0
6615-NGGZJ,0
5269-NRGDP,0
8100-PNJMH,0
3158-MOERK,0
0479-HMSWA,1
6408-OTUBZ,0
6223-DHJGV,1
9494-MRNYX,0
3668-QPYBK,0
3955-JBZZM,0
6048-QBXKL,1
9867-XOBQA,1
7632-MNYOY,1
4277-PVRAN,0
3930-ZGWVE,1
6651-RLGGM,0
1096-ADRUX,0
9405-GPBBG,0
1544-JJMYL,1
6175-IRFIT,0
0839-JTCUD,0
5016-IBERQ,1
6563-VRERX,0
0794-YVSGE,0
1110-KYLGQ,0
3500-NSDOA,1
5701-ZIKJE,1
6253-WRFHY,0
3494-JCHRQ,0
6178-KFNHS,1
2927-CVULT,0
8875-AKBYH,0
0754-EEBDC,1
8947-YRTDV,1
3967-VQOGC,0
4726-DLWQN,0
4377-VDHYI,0
3758-CKOQL,0
1137-DGOWI,0
1576-PFZIW,0
8465-SBRXP,0
2984-AFWNC,0
2103-ZRXFN,0
0916-KNFAJ,0
5671-UUNXD,0
0337-CNPZE,1
3424-NMNBO,0
2828-SLQPF,0
8792-AOROI,0
4795-WRNVT,0
8277-RVRSV,0
9753-OYLBX,1
3657-COGMW,0
8760-ZRHKE,0
0187-QSXOE,0
2073-QBVBI,0
5939-XAIXZ,0
8630-FJLIB,0
6171-ZTVYB,0
2668-TZSPS,0
8807-ARQET,1
1731-TVIUK,0
3258-SANFR,0
0463-ZSDNT,0
6250-CGGUN,0
6614-FHDBO,0
5924-SNGKP,0
7153-CHRBV,0
0206-OYVOC,0
0611-DFXKO,1
3049-SOLAY,0
4781-ZXYGU,1
3729-OWRVL,1
2712-SYWAY,1
5047-LHVLY,0
4717-GHADL,0
9614-RMGHA,1
6591-QGOYB,0
8092-NLTGF,0
8709-KRDVL,1
7634-WSWDB,0
6713-OKOMC,0
6583-QGCSI,1
8690-ZVLCL,0
7903-CMPEY,0
9391-YZEJW,0
9696-RMYBA,1
6797-UCJHZ,1
1455-HFBXA,1
1245-HARPS,1
9565-DJPIB,0
4404-HIBDJ,1
4226-KKDON,1
1060-ENTOF,1
4194-FJARJ,0
8189-XRIKE,0
6891-JPYFF,0
2235-EZAIK,0
3144-KMTWZ,0
3178-CIFOT,1
6892-BOGQE,0
9058-HRZSV,1
5914-XRFQB,1
1518-OMDIK,0
5759-RCVCB,0
8896-BQTTI,0
7771-ZONAT,0
7595-EHCDL,0
1429-UYJSV,1
2391-SOORI,0
5802-ADBRC,0
4567-AKPIA,0
8226-BXGES,0
9254-RBFON,0
0380-ZCSBI,1
5312-TSZVC,1
6647-ZEDXT,0
9763-GRSKD,0
0011-IGKFF,0
0823-HSCDJ,0
8590-OHDIW,0
7330-WZLNC,0
5624-RYAMH,0
0623-GDISB,0
9236-NDUCW,0
0311-QYWSS,0
0327-WFZSY,1
0816-TSPHQ,1
2758-RNWXS,0
4248-QPAVC,0
6035-BXTTY,0
7079-QRCBC,0
2303-PJYHN,0
4320-QMLLA,0
8580-AECUZ,0
3452-GWUIN,0
3778-FOAQW,1
0442-ZXKVS,0
6719-OXYBR,0
7422-WNBTY,0
2608-BHKFN,0
2373-NTKOD,0
3066-RRJIO,0
7997-EASSD,0
2419-FSORS,0
8628-MFKAX,0
5188-HGMLP,0
3948-FVVRP,0
4077-HWUYD,0
9129-UXERG,0
6618-RYATB,0
7235-NXZCP,1
7089-XXAYG,0
3923-CSIHK,0
9661-JALZV,0
4671-VJLCL,1
1112-CUNAO,1
2302-ANTDP,0
2974-GGUXS,0
2391-IPLOP,0
4566-GOLUK,1
8722-PRFDV,0
4423-YLHDV,0
1925-GMVBW,0
1902-XBTFB,0
2703-AMTUL,0
5600-KTXFM,0
3174-RKMOW,0
1231-YNDEK,1
1612-EOHDH,0
3804-RVTGV,0
2999-AANRQ,0
0430-IHCDJ,0
2208-UGTGR,0
8711-LOBKY,0
0742-NXBGR,1
4291-YZODP,1
4013-TLDHQ,0
9714-EDSUC,0
4285-GYRQC,1
3977-QCRSL,1
8318-LCNBW,0
6439-LAJXL,0
8819-ZBYNA,0
6952-OMNWB,1
9269-CQOOL,0
5732-IKGQH,0
5593-SUAOO,0
6060-QBMGV,1
7209-JCUDS,0
7024-OHCCK,0
7663-CUXZB,0
4742-DRORA,1
3096-WPXBT,0
2386-LAHRK,1
8562-GHPPI,0
4826-DXMUP,0
7869-ZYDST,0
9313-QOLTZ,1
3679-XASPY,0
8295-KMENE,0
7576-ASEJU,1
6502-KUGLL,1
3913-RDSJZ,0
3399-BMLVW,0
1324-NLTJE,0
9821-POOTN,1
4816-LXZYW,1
5795-BKOYE,0
8779-QRDMV,1
0617-FHSGK,1
4080-IIARD,0
2560-QTSBS,0
5153-LXKDT,0
6527-PZFPV,0
2203-GHNWN,0
6199-IPCAO,0
8108-UXRQN,0
6048-NJXHX,0
0082-OQIQY,0
2874-YXVVA,1
9828-QHFBK,0
2027-DNKIV,1
0621-HJWXJ,0
1599-MMYRQ,0
4948-WBBKL,1
0822-QGCXA,0
8181-YHCMF,0
0702-PGIBZ,0
2080-SRCDE,1
1769-GRUIK,0
3244-CQPHU,0
1820-TQVEV,0
8044-BGWPI,1
1852-QSWCD,0
0388-EOPEX,0
0093-EXYQL,0
9093-FPDLG,0
3669-OYSJI,0
8879-ZKJOF,0
2694-CIUMO,0
6834-NXDCA,0
0328-GRPMV,0
5318-YKDPV,1
2263-SFSQZ,0
7901-HXJVA,0
3900-AQPHZ,0
4391-LNRXK,0
0869-PAPRP,0
7529-ZDFXI,0
7138-GIRSH,0
8739-QOTTN,1
8058-DMYRU,0
4049-ZPALD,0
7486-KSRVI,0
9609-BENEA,1
8535-SFUTN,0
3113-IWHLC,1
1104-TNLZA,0
7251-LJBQN,0
3205-MXZRA,0
9250-WYPLL,0
4526-EXKKN,0
0356-OBMAC,0
4759-TRPLW,0
9691-HKOVS,0
1187-WILMM,0
4983-CLMLV,0
1241-EZFMJ,1
6968-GMKPR,0
2452-KDRRH,0
8634-CILSZ,0
1951-IEYXM,0
3948-KXDUF,0
7892-QVYKW,0
2569-WGERO,0
3259-KNMRR,0
7816-VGHTO,1
7562-GSUHK,0
1784-BXEFA,0
4671-LXRDQ,0
9158-VCTQB,0
7459-RRWQZ,0
9462-MJUAW,0
3402-XRIUO,0
1309-XGFSN,0
2789-CZANW,0
1597-LHYNC,0
2115-BFTIW,1
4701-AHWMW,1
6437-UKHMV,0
1955-IBMMB,0
3675-EQOZA,1
0699-NDKJM,0
7359-WWYJV,1
7266-GSSJX,1
6234-PFPXL,1
0812-WUPTB,0
0923-PNFUB,0
0083-PIVIK,1
3214-IYUUQ,0
1991-VOPLL,0
3506-OVLKD,0
1763-WQFUK,0
1135-LMECX,1
5605-IYGFG,0
8780-IHCRN,0
6727-IOTLZ,0
2499-AJYUA,1
9084-OAYKL,0
1709-EJDOX,0
0897-FEGMU,0
6916-HIJSE,0
0909-SELIE,1
7159-FVYPK,0
4808-YNLEU,1
6804-GDMOI,0
9281-CEDRU,0
1910-FMXJM,1
4397-FRLTA,1
3450-WXOAT,0
5529-GIBVH,0
5062-CJJKH,1
0409-WTMPL,1
4686-UXDML,0
7054-LGEQW,0
3694-GLTJM,0
4361-JEIVL,1
3211-AAPKX,1
6242-FEGFD,1
8623-TMRBY,0
1087-GRUYI,1
1580-BMCMR,0
1907-UBQFC,0
9947-OTFQU,1
1310-QRITU,1
2007-QVGAW,1
4859-ZSRDZ,0
1970-KKFWL,1
5949-HGVJL,0
4419-UJMUS,0
9347-AERRL,1
1904-WAJAA,1
7714-YXSMB,0
5148-HKFIR,0
8648-PFRMP,1
4999-IEZLT,1
6275-YDUVO,1
0397-ZXWQF,0
0746-JTRFU,1
4310-KEDTB,0
7530-HDYDS,1
2662-NNTDK,0
3963-RYFNS,1
6582-OIVSP,1
6147-CBCRA,1
8096-LOIST,0
5172-RKOCB,0
1628-BIZYP,1
3785-KTYSH,0
3006-XIMLN,1
8631-NBHFZ,0
5172-MIGPM,1
6637-KYRCV,0
7047-YXDMZ,1
8996-ZROXE,1
3623-FQBOX,0
4678-DVQEO,0
1965-DDBWU,0
8755-OGKNA,1
6173-GOLSU,1
2876-VBBBL,0
4640-UHDOS,0
9979-RGMZT,0
6522-OIQSX,1
5133-VRSAB,0
3166-PNEOF,0
2501-XWWTZ,1
4553-DVPZG,0
3312-UUMZW,0
6067-NGCEU,0
4751-ERMAN,1
8201-AAXCB,0
1100-DDVRV,0
8812-ZRHFP,0
9633-XQABV,0
7742-MYPGI,0
1431-AIDJQ,0
5627-TVBPP,0
9057-SIHCH,0
1722-LDZJS,0
6476-EPYZR,0
2868-MZAGQ,1
1833-TCXKK,0
7926-IJOOU,0
0616-ATFGB,0
4625-LAMOB,0
1642-HMARX,1
3319-DWOEP,0
5149-TGWDZ,1
4029-HPFVY,0
2040-VZIKE,0
7521-AFHAB,1
5789-LDFXO,1
7398-LXGYX,1
1750-CSKKM,0
9574-BOSMD,0
8200-KLNYW,1
8992-JQYUN,0
0224-NIJLP,0
3812-LRZIR,0
1229-RCALF,1
3871-IKPYH,0
2037-XJFUP,0
0057-QBUQH,0
4361-BKAXE,1
5035-PGZXH,0
3551-HUAZH,0
0021-IKXGC,1
0236-HFWSV,0
0529-ONKER,0
4290-BSXUX,0
5843-TTHGI,1
6139-ZZRBQ,0
9786-YWNHU,1
0567-GGCAC,1
1396-QWFBJ,0
5073-WXOYN,0
4959-JOSRX,0
1754-GKYPY,0
5959-BELXA,0
3317-VLGQT,0
5949-EBSQK,0
1895-QTKDO,0
0365-BZUWY,0
7541-YLXCL,1
5076-YVXCM,1
4124-MMETB,1
7392-YYPYJ,0
2959-FENLU,1
5296-PSYVW,0
7233-IOQNP,0
2294-DMMUS,1
8751-EDEKA,0
2480-JZOSN,0
2592-SEIFQ,1
3716-BDVDB,0
9564-KCLHR,0
7658-UYUQS,0
4745-LSPLO,0
1761-AEZZR,0
3452-SRFEG,1
8182-PNAGI,0
7549-MYGPK,1
2921-XWDJH,0
2096-XOTMO,1
9848-JQJTX,0
2188-SXWVT,0
5356-KZCKT,1
4918-QLLIW,0
0277-BKSQP,0
7799-DSEWS,0
6496-SLWHQ,0
7521-YXVZY,0
3757-NJYBX,0
3227-WLKLI,0
0040-HALCW,1
8220-OCUFY,0
0924-BJCRC,0
1024-KPRBB,0
3541-ZNUHK,0
6121-VZNQB,0
0637-KVDLV,1
8646-JCOMS,1
4973-RLZVI,0
6435-SRWBJ,0
4918-FYJNT,0
9063-ZGTUY,1
5345-BMKWB,0
5129-JLPIS,0
2580-ASVVY,0
7072-MBHEV,0
6377-WHAOX,0
8204-TIFGJ,0
7029-IJEJK,0
9065-ZCPQX,0
0723-FDLAY,1
8851-RAGOV,0
4855-SNKMY,0
6900-PXRMS,0
1091-SOZGA,0
9298-WGMRW,0
8375-DKEBR,0
8017-UVSZU,1
0196-JTUQI,1
5993-JSUWV,0
8316-BBQAY,0
8267-KFGYD,1
1299-AURJA,0
4335-BSMJS,0
1676-MQAOA,1
2169-RRLFW,0
7608-RGIRO,1
3763-GCZHZ,0
1217-VASWC,1
6173-ITPWD,0
0848-SOMKO,0
1545-ACTAS,0
4023-RTIQM,0
3908-MKIMJ,0
7580-UGXNC,0
3315-TOTBP,0
9576-ANLXO,0
0707-HOVVN,0
5095-ETBRJ,0
4086-YQSNZ,0
0228-MAUWC,1
9469-WEJBT,0
1571-SAVHK,0
4753-PADAS,0
0784-GTUUK,0
4455-BFSPD,0
3249-VHRIP,0
8015-IHCGW,1
9529-OFXHY,0
8336-TAVKX,0
0991-BRRFB,0
5313-FPXWG,0
0378-NHQXU,0
8910-ICHIU,0
7852-LECYP,1
4208-UFFGW,0
0696-UKTOX,0
3055-MJDSB,1
3295-YVUSR,0
8098-LLAZX,1
8445-DNBAE,1
7596-LDUXP,1
2640-PMGFL,1
2311-QYMUQ,0
0730-BGQGF,1
5261-QSHQM,1
7268-IGMFD,1
2530-ENDWQ,0
1273-MTETI,0
9272-LSVYH,0
8969-PRHFK,0
0362-ZBZWJ,0
2114-MGINA,0
5018-HEKFO,1
0756-MPZRL,0
4526-ZJJTM,0
2931-FSOHN,0
6497-TILVL,0
9522-ZSINC,0
0836-SEYLU,0
5135-GRQJV,0
1064-FBXNK,0
7721-JXEAW,1
6718-BDGHG,1
5014-WUQMG,1
2429-AYKKO,0
5365-LLFYV,0
5622-UEJFI,1
5295-PCJOO,1
3580-HYCSP,0
3671-SHRSP,0
4719-UMSIY,0
0876-WDUUZ,0
0374-FIUCA,0
5562-BETPV,0
6860-YRJZP,0
2446-ZKVAF,0
0463-WZZKO,0
1268-ASBGA,0
2041-JIJCI,1
6231-WFGFH,1
4749-OJKQU,0
2055-BFOCC,0
5245-VDBUR,0
6859-QNXIQ,1
4332-MUOEZ,1
9135-MGVPY,0
5899-MQZZL,0
4585-HETAI,0
7021-XSNYE,1
0804-XBFBV,0
6240-EURKS,1
7780-OTDSO,0
6480-YAGIY,0
3896-ZVNET,0
2619-WFQWU,0
7801-KICAO,1
8903-XEBGX,0
6016-NXBNJ,0
4452-ROHMO,1
6982-SSHFK,0
0426-TIRNE,1
7382-DFJTU,0
6910-HADCM,0
5149-CUZUJ,0
7026-YMSBE,0
2432-TFSMK,0
7162-WPHPM,1
3884-HCSWG,0
5871-DGTXZ,0
0842-IWYCP,1
2896-TBNBE,0
0103-CSITQ,1
9668-PUGNU,0
9142-XMYJH,0
0218-QNVAS,0
4075-JFPGR,0
1927-QEWMY,0
8413-YNHNV,0
7878-RTCZG,1
7295-JOMMD,0
4282-ACRXS,0
3027-YNWZU,0
0979-MOZQI,1
2122-YWVYA,0
9873-MNDKV,0
6435-VWCCY,0
8174-TBVCF,0
2266-SJNAT,0
4116-IQRFR,0
2245-ADZFJ,0
8603-IJWDN,0
5236-PERKL,1
2455-USLMV,1
2004-OCQXK,0
2082-OJVTK,1
2485-ITVKB,0
2346-CZYIL,0
7860-KSUGX,0
5924-IFQTT,0
9838-BFCQT,0
2890-WFBHU,0
8070-AAWZP,0
0582-AVCLN,1
0620-DLSLK,0
9453-PATOS,1
6663-JOCQO,0
7596-IIWYC,1
2207-OBZNX,0
2817-NTQDO,0
3223-WZWJM,0
4132-KALRO,0
3589-PPVKW,1
3705-PSNGL,0
8532-UEFWH,0
8224-IVVPA,0
4193-IBKSW,1
6710-HSJRD,0
2292-XQWSV,0
1764-VUUMT,1
2604-IJPDU,0
5201-CBWYG,0
6432-TWQLB,1
5445-UTODQ,0
4616-EWBNJ,0
1600-DILPE,0
5317-FLPJF,0
1089-HDMKP,0
0311-UNPFF,1
6625-FLENO,0
3776-EKTKM,0
7924-GJZFI,0
2696-NARTR,1
9154-QDGTH,0
5914-GXMDA,1
2887-JPYLU,0
1370-GGAWX,1
6650-BWFRT,0
5143-EGQFK,0
0334-GDDSO,0
2789-HQBOU,1
2002-MZHWP,1
4282-MSACW,1
2577-GVSIL,0
8040-MNRTF,1
5687-DKDTV,1
8559-CIZFV,0
5842-POCOP,0
6685-XSHHU,0
8095-WANWK,0
4256-ZWTZI,0
6598-RFFVI,1
4929-XIHVW,0
3374-TTZTK,0
7614-QVWQL,1
4291-SHSBH,0
3794-NFNCH,0
7517-LDMPS,0
2573-GYRUU,0
0420-TXVSG,1
9801-GDWGV,0
0841-NULXI,0
3780-DDGSE,0
1768-HNVGJ,0
8808-ELEHO,1
9229-RQABD,0
3230-JCNZS,1
7801-CEDNV,1
2097-YVPKN,0
6366-ZGQGL,0
4633-MKHYU,0
2371-JQHZZ,0
4827-DPADN,0
7250-EQKIY,1
4881-JVQOD,0
4338-EYCER,0
0531-ZZJWQ,1
5555-RNPGT,0
4510-HIMLV,0
5325-UWTWJ,1
2656-FMOKZ,1
2180-DXNEG,0
8883-GRDWQ,1
3186-AJIEK,0
7328-OWMOM,0
1053-MXTTK,1
9174-FKWZE,0
5692-FPTAH,0
5353-WILCI,0
8265-HKSOW,0
2606-RMDHZ,0
4646-QZXTF,0
9057-MSWCO,0
4670-TABXH,0
8621-MNIHH,0
6349-JDHQP,1
7581-EBBOU,0
1017-FBQMM,1
9090-SGQXL,1
2504-DSHIH,0
9863-JZAIC,0
0484-JPBRU,0
7113-HIPFI,0
6340-DACFT,0
2990-IAJSV,0
6982-UQZLY,0
4737-AQCPU,0
5447-WZAFP,0
7851-WZEKY,0
9475-NNDGC,1
1833-VGRUM,0
2908-WGAXL,0
8756-RDDLT,0
5845-BZZIB,0
1336-EZFZY,0
7080-TNUWP,0
4614-NUVZD,1
7188-CBBBA,0
4355-HBJHH,0
6195-MELTI,1
7009-PCARS,0
9818-XQCUV,0
7872-BAAZR,0
8979-CAMGB,0
2988-QRAJY,0
3315-IKYZQ,0
8708-XPXHZ,0
2724-FJDYW,0
2589-AYCRP,1
4872-VXRIL,0
2656-TABEH,0
0032-PGELS,0
9779-DPNEJ,0
7055-VKGDA,0
2192-OZITF,0
4220-TINQT,0
5647-FXOTP,1
5671-RQRLP,0
0607-MVMGC,0
7247-XOZPB,0
0058-EVZWM,0
7312-XSBAT,0
6303-KFWSL,0
1941-HOSAM,0
4079-VTGLK,0
2135-DQWAQ,1
5173-WXOQV,0
6302-JGYRJ,0
8837-VVWLQ,0
3621-CHYVB,0
7880-XSOJX,0
8713-IGZSO,0
9693-XMUOB,1
2146-EGVDT,0
8080-POTJR,0
8749-CLJXC,0
0278-YXOOG,1
3498-LZGQZ,0
2338-BQEZT,1
7730-IUTDZ,0
6365-HITVU,1
8024-XNAFQ,1
5846-ABOBJ,0
1261-FWTTE,0
5186-SAMNZ,1
0336-PIKEI,0
0939-EREMR,0
7966-YOTQW,1
4940-KHCWD,0
7112-OPOTK,0
1775-KWJKQ,0
5419-JKZNQ,0
0674-GCDXG,1
6103-BOCOU,0
0357-NVCRI,0
7609-NRNCA,0
0013-SMEOE,0
5208-FVQKB,1
5287-QWLKY,0
0310-SUCIN,1
9817-APLHW,0
3656-TKRVZ,0
4274-OWWYO,0
6574-MCOEH,0
7593-XFKDI,0
5652-MSDEY,0
3898-BSJYF,0
5006-MXVRN,0
8720-RQSBJ,1
3126-WQMGH,1
6368-TZZDT,0
8133-ANHHJ,0
6461-SZMCV,0
3301-LSLWQ,0
1360-XFJMR,1
6479-SZPLM,0
1265-BCFEO,0
5889-JTMUL,1
2911-UREFD,1
9442-JTWDL,0
0623-IIHUG,0
1952-DVVSW,1
9170-CCKOU,0
5154-VEKBL,1
0691-JVSYA,0
2070-FNEXE,0
0260-ZDLGK,0
3736-BLEPA,1
0259-GBZSH,1
2138-VFAPZ,0
1092-WPIVQ,0
9803-FTJCG,1
4830-FAXFM,0
2139-FQHLM,0
9350-VLHMB,0
6284-AHOOQ,0
7993-NQLJE,1
7825-GKXMW,1
5458-CQJTA,0
2761-OCIAX,0
5934-TSSAU,0
6419-ZTTLE,0
3647-GMGDH,0
7253-UVNDW,0
3082-WQRVY,0
4061-UKJWL,1
2725-TTRIQ,0
5998-DZLYR,1
5995-SNNEW,0
8645-KOMJQ,0
2272-WUSPA,0
9058-CBREO,0
0757-WCUUZ,0
4821-WQOYN,1
5178-LMXOP,0
8263-QMNTJ,1
5249-QYHEX,0
2192-CKRLV,0
5539-TMZLF,0
1839-UMACK,0
2320-JRSDE,0
2284-VFLKH,1
9927-DSWDF,1
9710-ZUSHQ,1
6682-VCIXC,0
7246-ZGQDF,1
0434-CSFON,0
1342-JPNKI,1
5614-DNZCE,1
4840-ORQXB,0
1098-TDVUQ,0
0378-TOVMS,1
3194-ORPIK,0
7218-HKQFK,0
4732-RRJZC,0
6285-FTQBF,0
1084-UQCHV,0
6960-HVYXR,0
9986-BONCE,0
3926-YZVVX,0
9540-JYROE,1
5985-BEHZK,0
4277-UDIEF,0
2722-JMONI,0
4644-OBGFZ,0
6917-YACBP,0
7131-ZQZNK,0
8060-HIWJJ,0
7363-QTBIW,1
1356-MKYSK,1
7776-QWNFX,1
8593-WHYHV,1
1530-ZTDOZ,0
1629-DQQVB,1
7284-BUYEC,1
3055-OYMSE,1
7047-FWEYA,1
5186-EJEGL,0
3307-TLCUD,1
8380-MQINP,1
4432-ADRLB,0
2516-XSJKX,1
6968-MHOMU,1
3620-MWJNE,0
3325-FUYCG,0
1891-QRQSA,1
4176-RELJR,0
7353-YOWFP,0
3620-EHIMZ,0
0419-YAAPX,0
2267-WTPYD,0
8338-QIUNR,0
7293-LSCDV,0
6110-OHIHY,0
1950-KSVVJ,1
3859-CVCET,0
4138-NAXED,1
3420-YJLQT,0
1143-NMNQJ,0
1936-CZAKF,0
3249-ZPQRG,0
0488-GSLFR,1
0727-IWKVK,0
1814-DKOLC,0
8659-IOOPU,1
6199-IWKGC,1
3211-ILJTT,1
3639-XJHKQ,0
0780-XNZFN,0
0969-RGKCU,0
6518-PPLMZ,0
9625-QNLUX,1
0282-NVSJS,1
7956-XQWGU,0
6837-BJYDQ,0
6413-XKKPU,1
7493-TPUWZ,0
1304-BCCFO,0
0679-TDGAK,1
0080-OROZO,0
0959-WHOKV,1
3680-CTHUH,1
7028-DVOIQ,0
8490-BXHEO,0
5202-IVJNU,1
6142-VSJQO,1
2831-EBWRN,0
4123-FCVCB,0
5940-NFXKV,0
2930-UOTMB,0
2256-YLYLP,0
9173-IVZVP,0
5724-BIDBU,0
2197-OMWGI,0
0945-TSONX,1
7638-QVMVY,0
9185-TQCVP,0
4632-XJMEX,1
3689-MOZGR,1
1985-MBRYP,0
9524-EGPJC,0
3580-GICBM,1
2223-GDSHL,0
0872-NXJYS,0
6229-UOLQL,1
8884-FEEWR,1
3239-TPHPZ,0
3768-NLUBH,1
8835-VSDSE,0
0481-SUMCB,0
7552-KEYGT,0
9658-WYUFB,0
2108-GLPQB,0
2585-KTFRE,0
6347-DCUIK,0
1925-LFCZZ,0
1567-DSCIC,0
9667-EQRXU,0
5457-COLHT,0
0824-VWDPO,0
4847-TAJYI,0
8871-JLMHM,0
0440-MOGPM,0
4923-ADWXJ,1
9297-EONCV,0
5445-PZWGX,0
3797-FKOGQ,0
3519-ZKXGG,0
9626-VFRGG,1
7470-DYNOE,1
6635-CPNUN,1
0305-SQECB,0
2782-JEEBU,0
6505-OZNPG,0
5628-RKIFK,0
3082-YVEKW,0
2043-WVTQJ,0
7196-LIWRH,1
5012-YSPJJ,0
5915-DGNVC,0
4990-ALDGW,0
7971-HLVXI,0
6563-VNPMN,1
9397-TZSHA,0
1964-SVLEA,0
8329-GWVPJ,0
7641-EUYET,0
0487-VVUVK,0
9572-WUKSB,0
6119-SPUDB,1
3914-FDRHP,1
2580-ATZSQ,0
7560-QJAVJ,0
9821-BESNZ,0
9948-YPTDG,1
0587-DMGBH,0
1302-UHBDD,0
1862-SKORY,1
4627-MIHJH,0
1872-EBWSC,0
6862-CQUMB,1
1614-JBEBI,0
8246-SHFGA,0
7000-WCEVQ,0
8270-RKSAP,1
7665-TOALD,1
9833-TGFHX,0
6614-VBEGU,0
2683-BPJSO,0
2137-DQMEV,0
7921-LMDFQ,0
1169-SAOCL,0
3721-CNZHX,1
7519-JTWQH,0
1641-BYBTK,1
9465-RWMXL,0
1298-PHBTI,0
5762-TJXGK,0
7277-OZCGZ,0
4378-BZYFP,1
7493-GVFIO,0
4657-FWVFY,1
8701-DGLVH,0
3125-RAHBV,1
3915-ODIYG,0
6734-CKRSM,1
8561-NMTBD,0
1334-PDUKM,1
1247-QBVSH,0
6082-GLJIX,0
4098-NAUKP,1
0786-IVLAW,1
3612-YVGSJ,1
0383-CLDDA,0
4741-WWJQZ,1
1796-JANOW,0
7607-QKKTJ,0
8752-GHJFU,0
5846-QFDFI,0
1623-NLDOT,0
4957-TIALW,1
6292-TOSSS,0
3969-GYXEL,0
8486-AYEQH,0
2207-RYYRL,0
4700-UBQMV,0
4554-YGZIH,1
6584-VQMYT,1
6877-TJMBR,0
7878-JGDKK,0
7398-SKNQZ,1
2907-ILJBN,0
8064-RAVOH,0
4139-JPIAM,0
2550-AEVRU,1
7663-ZTEGJ,0
1422-DGUBX,1
3274-NSDWE,0
5850-BDWCY,0
0831-JNISG,1
6103-LIANB,0
0100-DUVFC,0
6661-EIPZC,1
6211-WWLTF,1
6425-JWTDV,0
6029-WTIPC,0
0619-OLYUR,0
5208-HFSBT,0
8433-WPJTV,0
8050-WYBND,0
6719-FGEDO,0
5233-GEEAX,1
3976-HXHCE,0
8109-YUOHE,0
5120-ZBLAI,0
7248-VZQLC,1
3198-VELRD,0
5311-IHLEI,0
8059-UDZFY,0
6308-CQRBU,1
2451-YMUXS,0
3181-MIZBN,1
1945-XISKS,0
6917-FIJHC,0
2215-ZAFGX,0
7305-ZWMAJ,0
6131-JLWZM,1
8039-ACLPL,1
9975-SKRNR,0
7969-FFOWG,1
7951-QKZPL,0
6686-YPGHK,1
7064-FRRSW,0
7219-TLZHO,1
1867-TJHTS,0
5813-UECBU,0
4785-NKHCX,0
5906-DVAPM,0
5748-RNCJT,0
8372-JUXUI,0
7088-FBAWU,1
2057-BOYKM,0
3466-BYAVD,0
9835-ZIITK,0
3721-WKIIL,0
1928-BXYIV,0
1098-KFQEC,0
2380-DAMQP,0
3642-BYHDO,0
0506-YLVKJ,0
5130-IEKQT,1
8844-TONUD,0
9746-YKGXB,1
9853-JFZDU,0
2400-FEQME,0
8485-GJCDN,0
4686-GEFRM,1
8160-HOWOX,0
0323-XWWTN,0
4097-YODCF,0
1734-ZMNTZ,1
7812-FZHPE,0
1602-IJQQE,0
5227-JSCFE,0
1498-NHTLT,0
6688-UZPWD,0
2157-MXBJS,0
7346-MEDWM,0
3583-EKAPL,1
1568-LJSZU,1
7995-ZHHNZ,0
6096-EGVTU,0
1285-OKIPP,0
7129-AZJDE,0
7526-BEZQB,0
2296-DKZFP,0
7954-MLBUN,0
5846-NEQVZ,0
4813-HQMGZ,0
9167-APMXZ,1
4080-OGPJL,0
7909-FIOIY,1
2856-NNASM,0
3893-JRNFS,0
7976-CICYS,0
1658-TJVOA,1
6101-IMRMM,1
9560-ARGQJ,0
4316-XCSLJ,1
3727-JEZTU,1
5204-HMGYF,0
2400-XIWIO,1
0343-QLUZP,0
2830-LEWOA,1
8728-SKJLR,0
3720-DBRWL,0
5442-XSDCW,0
2108-XWMPY,1
2430-RRYUW,0
9967-ATRFS,0
6878-GGDWG,1
3685-YLCMQ,0
0650-BWOZN,1
2384-OVPSA,0
2187-LZGPL,0
4747-LCAQL,1
3458-IDMFK,1
9108-EJFJP,1
8706-HRADD,0
7341-LXCAF,0
7384-GHBPI,0
7649-SIJJF,0
9391-EOYLI,0
2486-WYVVE,0
0807-ZABDG,0
9770-KXGQU,0
1636-NTNCO,0
5124-EOGYE,1
3313-QKNKB,0
4323-SADQS,0
3566-CAAYU,0
1453-RZFON,0
0315-LVCRK,0
8084-OIVBS,0
7109-MFBYV,0
8782-NUUOL,1
3070-BDOQC,1
5117-IFGPS,1
1363-TXLSL,0
6439-PKTRR,0
9916-AYHTC,0
2905-KFQUV,1
8608-OZTLB,1
0265-EDXBD,0
2357-COQEK,0
9659-QEQSY,0
9547-ITEFG,0
3948-XHGNA,0
8234-GSZYK,0
5449-FIBXJ,0
4373-VVHQL,0
3941-XTSKM,0
8544-JNBOX,0
9978-HYCIN,0
5044-LRQAQ,1
3170-GWYKC,0
5419-KLXBN,1
0308-GIQJT,0
3585-ISXZP,0
0626-QXNGV,0
2200-DSAAL,0
2786-GCDPI,0
2722-VOJQL,1
3648-GZPHF,0
0983-TATYJ,1
4760-XOHVN,1
3262-EIDHV,0
2232-DMLXU,0
9068-VPWQQ,0
7989-CHGTL,1
3457-PQBYH,1
8158-WPEZG,0
5839-SUYVZ,1
8266-VBFQL,0
8120-JDCAM,0
5766-FTRTS,0
7576-JMYWV,0
0523-VNGTF,1
1492-KGETH,0
2316-ESMLS,0
5708-EVONK,0
7503-EPSZW,0
7409-JURKQ,0
8430-TWCBX,0
3398-ZOUAA,0
8241-JUIQO,1
9851-QXEEQ,0
4694-PHWFW,1
6576-FBXOJ,0
2806-MLNTI,1
4913-EHYUI,0
3943-KDREE,0
5146-CBVOE,0
3359-DSRKA,0
4560-WQAQW,0
6100-QQHEB,0
9711-FJTBX,0
2607-DHDAK,1
2969-WGHQO,0
0373-AIVNJ,0
0943-ZQPXH,0
6609-MXJHJ,1
3933-DQPWX,1
0928-JMXNP,1
6652-YFFJO,1
4422-QVIJA,0
8450-JOVAH,1
5743-KHMNA,0
0795-LAFGP,0
9631-RXVJM,0
7767-UXAGJ,0
2077-DDHJK,1
7912-SYRQT,1
4291-TPNFG,1
1552-CZCLL,0
6682-QJDGB,1
1004-NOZNR,0
4123-DVHPH,0
7251-XFOIL,0
3565-UNOCC,1
2868-LLSKM,0
2480-SQIOB,0
5940-AHUHD,0
1047-RNXZV,1
7881-INRLC,1
1455-ESIQH,0
3655-SNQYZ,1
9732-EQMWY,0
3011-WQKSZ,1
7677-SJJJK,0
6267-DCFFZ,0
5919-TMRGD,0
5537-UXXVS,0
9588-YRFHY,0
9027-TMATR,0
7077-XJMET,0
8402-OOOHJ,1
0023-XUOPT,0
5153-RTHKF,0
3043-TYBNO,1
5753-QQWPW,0
5876-HZVZM,0
0970-QXPXW,0
7361-YPXFS,0
2126-GSEGL,0
4957-SREEC,0
3583-KRKMD,0
2710-WYVXG,0
8417-GSODA,1
2982-VPSGI,0
8624-GIOUT,0
5876-QMYLD,0
9210-IAHGH,0
5849-ASHZJ,1
3594-KADLU,0
7446-KQISO,1
0122-OAHPZ,0
3847-BAERP,0
4851-BQDNX,0
3148-AOIQT,0
8937-RDTHP,0
5986-WWXDV,0
6137-MFAJN,1
2325-ZUSFD,0
4547-KQRTM,1
1866-DIOQZ,1
7198-GLXTC,0
0114-PEGZZ,0
0422-UXFAP,1
5778-BVOFB,1
4322-RCYMT,0
0604-THJFP,0
7103-IPXPJ,0
3635-JBPSG,0
1625-JAIIY,1
4450-YOOHP,1
2535-PBCGC,0
0076-LVEPS,0
3258-ZKPAI,1
1776-SPBWV,0
4065-JJAVA,0
3134-DSHVC,1
3243-ZHOHY,1
6728-VOIFY,1
6461-PPAXN,0
5692-ICXLW,0
9391-TTOYH,0
8022-BECSI,0
9121-PHQSR,0
2446-PLQVO,1
8819-WFGGJ,0
4534-WGCIR,0
2359-QWQUL,0
3023-GFLBR,1
5482-NUPNA,0
7596-ZYWBB,0
9891-NQDBD,0
6603-QWSPR,0
3298-QEICA,0
1803-BGNBD,0
1548-ARAGG,0
4636-OLWOE,0
9412-ARGBX,0
7779-ORAEL,0
4255-DDUOU,1
5566-SOEZD,0
1020-JPQOW,0
0508-SQWPL,0
1449-XQEMT,0
9419-IPPBE,0
0247-SLUJI,0
9919-KNPOO,1
6953-PBDIN,1
6248-BSHKG,0
0988-JRWWP,0
4111-BNXIF,0
4254-QPEDE,0
5038-ETMLM,0
3865-QBWSJ,1
2739-CCZMB,0
6311-UEUME,0
7643-RCHXS,0
3898-GUYTS,0
0829-XXPLX,0
1936-UAFEH,0
1809-DMJHQ,0
2839-RFSQE,0
0661-KBKPA,1
2587-EKXTS,0
7471-MQPOS,0
1218-VKFPE,0
1133-KXCGE,1
4081-DYXAV,0
7524-VRLPL,0
6227-FBDXH,0
0191-EQUUH,0
6778-JFCMK,0
5493-SDRDQ,0
0817-HSUSE,0
4237-CLSMM,0
2684-EIWEO,0
1502-XFCVR,0
5087-SUURX,0
5862-BRIXZ,0
3428-XZMAZ,0
1171-TYKUR,1
8791-GFXLZ,0
2604-XVDAM,1
9097-ZUBYC,0
7901-IIDQV,0
6538-POCHL,0
3282-ZISZV,0
3331-HQDTW,0
9259-PACGQ,1
1395-WSWXR,0
0277-ORXQS,0
7762-ONLJY,0
9885-AIBVB,0
3935-TBRZZ,0
7786-WBJYI,0
0980-PVMRC,0
1792-UXAFY,0
5349-IECLD,0
7234-KMNRQ,0
4154-AQUGT,1
1257-SXUXQ,0
6585-WCEWR,1
2277-AXSDC,0
9750-BOOHV,0
5336-UFNZP,0
7234-FECYN,0
5192-EBGOV,0
4690-PKDQG,0
0956-ACVZC,0
1569-TTNYJ,0
3733-LSYCE,0
5236-XMZJY,0
6959-UWKHF,0
9489-DEDVP,0
0402-CQAJN,1
4697-LUPSU,0
7833-PKIHD,1
9795-VOWON,1
2167-FQSTQ,0
4002-BQWPQ,0
9530-GRMJG,0
3209-ZPKFI,0
7130-CTCUS,0
9688-YGXVR,0
3518-FSTWG,0
5707-ZMDJP,0
3692-JHONH,0
3932-IJWDZ,0
5827-MWCZK,0
3005-NFMTA,0
8097-OMULG,0
0594-UFTUL,1
7789-CRUVC,0
2100-BDNSN,0
8041-TMEID,0
6476-YHMGA,0
2379-ENZGV,0
9323-HGFWY,0
1206-EHBDD,0
8481-YYXWG,0
5461-QKNTN,0
2615-YVMYX,0
9717-IOAAF,0
0390-DCFDQ,0
6635-MYYYZ,0
0459-SPZHJ,0
0019-GFNTW,1
2322-VCZHZ,0
5712-AHQNN,0
5919-VCZYM,0
4059-IIEBK,0
6848-YLDFR,0
5642-MHDQT,0
0480-BIXDE,1
2324-EFHVG,0
2664-XJZNO,0
1335-HQMKX,1
5027-QPKTE,0
1977-STDKI,0
2996-XAUVF,0
5095-AESKG,0
2933-XEUJM,0
0325-XBFAC,0
6599-SFQVE,1
2072-ZVJJX,1
0895-LMRSF,0
1264-FUHCX,0
2632-IVXVF,0
8740-XLHDR,0
6394-HHHZM,0
9318-NKNFC,0
7107-UBYKY,0
9581-GVBXT,0
1568-BEKZM,0
9504-DSHWM,0
2959-EEXWB,1
1587-FKLZB,0
8182-BJDSI,0
4847-QNOKA,0
3946-MHCZW,0
6035-RIIOM,0
4634-JLRJT,0
7841-FCRQD,0
5103-MHMHY,0
1963-SVUCV,0
8098-TDCBU,1
2990-OGYTD,0
8821-KVZKQ,1
6772-WFQRD,0
9728-FTTVZ,0
9801-NOSHQ,1
7777-UNYHB,1
4482-FTFFX,0
6383-ZTSIW,0
6380-ARCEH,1
3190-XFANI,0
6979-TNDEU,1
8990-YOZLV,0
9507-EXLTT,0
8457-XIGKN,1
8981-FJGLA,0
5583-EJXRD,1
0744-BIKKF,0
2452-SNHFZ,0
9451-LPGOO,0
0769-MURVM,0
2885-HIJDH,0
1956-YIFGE,0
0952-KMEEH,1
0979-PHULV,0
8587-XYZSF,0
7665-NKLAV,0
8769-KKTPH,1
4897-QSUYC,0
8779-YIQQA,0
2091-GPPIQ,0
8128-YVJRG,0
7609-YBPXG,1
1708-PBBOA,0
9231-ZJYAM,1
4431-EDMIQ,1
3796-ENZGF,0
2673-ZALNP,0
2812-REYAT,0
1142-WACZW,0
8932-CZHRQ,0
6196-HBOBZ,0
1488-SYSFC,0
2862-JVEOY,0
3640-PHQXK,0
2674-MIAHT,1
4800-CZMPC,0
2851-STERV,1
0363-QJVFX,0
6733-LRIZX,0
6629-LADHQ,0
9650-VBUOG,0
5480-XTFFL,1
2826-UWHIS,1
6447-EGDIV,0
1635-HDGFT,0
8058-INTPH,0
5821-MMEIL,0
3488-PGMQJ,1
6661-HBGWL,0
2842-JTCCU,1
6738-ISCBM,0
4597-NUCQV,0
2933-FILNV,0
0128-MKWSG,0
2003-CKLOR,0
7940-UQQUG,0
1291-CUOCY,0
2737-WFVYW,0
3345-PBBFH,0
2430-USGXP,1
1866-NXPSP,1
2277-VWCNI,0
2599-CIPQE,1
5473-KHBPS,1
2581-VKIRT,0
8063-GBATB,0
7639-OPLNG,0
5536-SLHPM,0
4937-QPZPO,0
7693-LCKZL,0
6734-GMPVK,0
6620-HVDUJ,0
5294-DMSFH,0
2616-UUTFK,0
3787-TRIAL,0
8727-JQFHV,0
9356-AXGMP,0
2481-SBOYW,0
2675-DHUTR,0
6421-SZVEM,0
6996-KNSML,1
7306-YDSOI,0
8328-SKJNO,0
0134-XWXCE,0
6234-RAAPL,0
2460-FPSYH,1
7783-YKGDV,0
5222-IMUKT,0
4720-VSTSI,0
5271-YNWVR,0
7161-DFHUF,0
7634-HLQJR,0
6992-TKNYO,0
5564-NEMQO,0
7758-UJWYS,0
0181-RITDD,0
8566-YPRGL,0
6169-PPETC,0
2995-UPRYS,0
1069-QJOEE,0
6353-BRMMA,1
9796-MVYXX,0
1725-IQNIY,0
2522-AHJXR,0
3512-IZIKN,0
8469-SNFFH,0
1086-LXKFY,0
5286-YHCVC,1
4472-LVYGI,0
3723-BFBGR,0
6993-YGFJV,1
5542-TBBWB,0
3224-DFQNQ,0
9244-ZVAPM,0
5429-LWCMV,1
2546-KZAAT,0
2050-ONYDQ,0
9138-EFSMO,0
4083-EUGRJ,0
3387-VATUS,0
0670-KDOMA,0
6645-MXQJT,1
9897-KXHCM,0
5619-XZZKR,0
6339-RZCBJ,0
4054-CUMIA,0
2925-VDZHY,0
3746-EUBYR,0
1494-EJZDW,0
8807-OPMBM,1
3045-XETSH,0
6416-TVAIH,0
9470-RTWDV,0
4282-YMKNA,1
0407-BDJKB,1
8216-AZUUZ,0
8999-XXGNS,1
7025-WCBNE,0
8399-YNDCH,0
6845-RGTYS,0
5054-IEXZT,0
4854-SSLTN,0
9548-LIGTA,0
8564-LDKFL,1
7190-XHTWJ,0
1347-KTTTA,0
8165-CBKXO,0
6726-NNFWD,0
9837-BMCLM,0
9601-BRXPO,0
0524-IAVZO,0
8404-VLQFB,1
3884-UEBXB,0
9548-ZMVTX,0
3858-VOBET,0
8725-JEDFD,1
1658-XUHBX,1
2533-QVMSK,0
1971-DTCZB,1
4877-TSOFF,1
5887-IKKYO,1
5186-PEIZU,1
9647-ERGBE,0
6543-JXSOO,0
5438-QMDDL,0
0909-SDHNU,0
9824-QCJPK,1
2748-MYRVK,0
8205-VSLRB,1
3855-ONCAR,0
3373-DIUUN,0
7402-PWYJJ,0
8929-KSWIH,0
8033-ATFAS,1
1403-GYAFU,0
3324-OIRTO,0
4513-CXYIX,0
7480-QNVZJ,1
2525-GVKQU,0
2164-SOQXL,1
1867-BDVFH,0
4927-WWOOZ,1
7661-CPURM,0
4248-HCETZ,0
8337-UPOAQ,1
5028-HTLJB,0
0239-OXEXL,1
4423-JWZJN,1
1016-DJTSV,1
0748-RDGGM,0
0661-WCQNQ,0
7426-RHZGU,0
5003-OKNNK,0
9574-RKJIF,0
3191-CSNMG,0
1173-NOEYG,0
9661-MHUMO,1
1089-XZWHH,0
1621-YNCJH,0
4078-SAYYN,1
5922-ABDVO,0
3339-EAQNV,0
4430-UZIPO,1
1834-ABKHQ,0
9399-APLBT,0
8167-GJLRN,0
1724-BQUHA,1
6506-EYCNH,0
4010-YLMVT,0
8543-MSDMF,0
9950-MTGYX,1
2474-LCNUE,0
5397-NSKQG,0
5774-QPLTF,1
1024-GUALD,0
9651-GTSAQ,0
4566-QVRRW,1
9888-ZCUMM,0
9537-JALFH,0
9103-TCIHJ,1
2070-XYMFH,0
7945-HLKEA,0
4074-SJFFA,0
1746-TGTWV,1
5176-OLSKT,1
3308-DGHKL,0
0847-HGRML,0
5651-WYIPH,0
3452-FLHYD,1
0947-MUGVO,0
2240-HSJQD,0
4471-KXAUH,0
5049-GLYVG,0
9237-HQITU,1
6198-PNNSZ,0
7016-BPGEU,0
3446-QDSZF,0
7005-CCBKV,0
2946-KIQSP,1
5451-YHYPW,0
4710-FDUIZ,0
9700-ZCLOT,0
6356-ELRKD,0
5229-DTFYB,1
3130-ICDUP,1
5935-FCCNB,1
3162-ZJZFU,1
7743-EXURX,1
5501-TVMGM,1
6568-POCUI,0
6556-DBKZF,0
6047-YHPVI,0
9026-LHEVG,0
7294-TMAOP,0
0280-XJGEX,0
7321-KKSDU,0
7517-SAWMO,0
4537-DKTAL,1
3865-ZYKAD,0
9092-GDZKO,1
6557-BZXLQ,1
0404-AHASP,0
4195-SMMNX,1
1915-IOFGU,0
7571-YXDAD,0
5375-XLDOF,0
9681-OXGVC,0
5915-ANOEI,1
5997-OPVFA,0
6648-INWPS,1
6260-ONULR,0
6754-WKSHP,1
6345-FZOQH,1
9091-WTUUY,0
0440-QEXBZ,1
3938-YFPXD,0
5339-TJFEK,0
3090-QFUVD,0
1077-HUUJM,0
0868-VJRDR,0
1539-LNKHM,1
2550-QHZGP,0
0727-BMPLR,0
2985-JUUBZ,0
1093-YSWCA,1
0621-CXBKL,1
8610-WFCJF,0
5886-VLQVU,0
4238-HFHSN,0
6038-GCYEC,0
3779-OSWCF,1
7101-HRBLJ,1
2176-LVPNX,0
8718-PTMEZ,0
8731-WBBMB,0
1699-TLDLZ,1
0023-UYUPN,1
1360-RCYRT,0
3587-PMCOY,0
5917-RYRMG,0
0899-LIIBW,0
0732-OCQOC,1
5777-KJIRB,0
4853-OITSN,0
9992-RRAMN,0
5882-CMAZQ,1
3920-HIHMQ,1
9702-AIUJO,0
8317-BVKSO,1
3392-EHMNK,0
8433-WXGNA,0
8699-ASUFO,0
1821-BUCWY,0
8696-JKZNU,0
5574-NXZIU,0
6064-PUPMC,1
9479-HYNYL,1
6128-CZOMY,0
2958-NHPPS,0
2495-TTHBQ,1
7508-SMHXL,0
3733-ZEECP,1
8634-MPHTR,0
9553-DLCLU,0
8818-XYFCQ,1
8350-NYMVI,1
8498-XXGWA,0
1272-ILHFG,0
2314-TNDJQ,0
3831-YCPUO,1
6086-ESGRL,1
4973-MGTON,0
9300-RENDD,0
7531-GQHME,0
6851-WEFYX,1
9489-UTFKA,0
1023-BQXZE,1
7908-QCBCA,1
8212-CRQXP,0
5214-NLTIT,1
5419-JPRRN,0
0859-YGKFW,0
8920-NAVAY,0
1009-IRMNA,0
5196-WPYOW,0
6704-UTUKK,0
8612-GXIDD,1
6689-TCZHQ,0
4860-IJUDE,0
5446-DKWYW,0
1027-LKKQQ,0
5630-AHZIL,0
2150-WLKUW,0
4143-HHPMK,0
6664-FPDAC,0
5522-NYKPB,0
6284-KMNUF,1
0330-IVZHA,1
1763-KUAAW,1
7551-JOHTI,0
3441-CGZJH,1
6479-OAUSD,0
1689-MRZQR,1
2091-MJTFX,0
4674-HGNUA,0
1084-MNSMJ,0
9474-PHLYD,0
0743-HRVFF,1
0487-CRLZF,0
6702-OHFWR,0
5294-IMHHT,0
4713-ZBURT,0
4012-ZTHBR,1
1723-HKXJQ,1
1282-IHQAC,1
6467-CHFZW,0
9239-ZBZZV,0
4647-XXZAM,0
4636-QRJKY,0
4522-AKYLR,0
6746-WAUWT,0
8747-UDCOI,0
0301-FIDRB,0
5310-NOOVA,0
4361-FEBGN,0
8374-XGEJJ,0
4993-JCRGJ,1
9305-CDSKC,0
5883-GTGVD,0
0363-SVHYR,1
5669-SRAIP,1
0774-RMNUW,1
5736-YEJAX,0
1121-QSIVB,0
8294-UIMBA,0
1730-ZMAME,0
2277-DJJDL,1
3030-YZADT,0
5176-LDKUH,0
9233-PSYHO,0
3605-JISKB,0
8313-NDOIA,0
3442-ZHHCC,0
5696-QURRL,0
8357-EQXFO,1
1052-QJIBV,0
5044-XDPYX,0
9039-ZVJDC,0
4701-MLJPN,0
5973-EJGDP,1
0017-IUDMW,0
4660-IRIBM,0
4430-YHXGG,1
1735-XMJVH,0
1042-HFUCW,1
7278-CKDNC,1
7442-YGZFK,1
5600-PDUJF,0
1934-SJVJK,0
5229-PRWKT,0
1832-PEUTS,0
6894-LFHLY,1
8746-BFOAJ,0
4291-HPAXL,0
4130-MZLCC,0
4718-DHSMV,0
6907-NZZIJ,0
8190-ZTQFB,0
7073-QETQY,0
9359-UGBTK,0
8395-ETZKQ,0
5651-CPDND,0
2519-FAKOD,0
4032-RMHCI,0
0468-YRPXN,0
5046-NUHWD,0
7879-CGSFV,1
1508-DFXCU,1
9507-HSMMZ,0
8775-LHDJH,0
3413-CSSTH,0
4475-NVTLU,0
9172-ANCRX,0
7537-RBWEA,0
1043-YCUTE,0
5970-GHJAW,0
6179-GJPSO,0
5884-FBCTL,1
9227-LUNBG,1
3186-BAXNB,0
3178-FESZO,0
5360-XGYAZ,0
9076-AXYIK,1
4192-GORJT,1
7208-PSIHR,0
4587-NUKOX,0
8496-EJAUI,1
7394-LWLYN,1
3174-AKMAS,1
8111-BKVDS,0
0723-DRCLG,0
3338-CVVEH,0
4367-NHWMM,0
5693-PIPCS,1
5857-XRECV,0
8785-CJSHH,0
5392-AKEMH,0
0526-SXDJP,0
1140-UKVZG,0
6221-AVQYL,0
2775-SEFEE,1
9364-YKUVW,0
0689-DSXGL,0
1853-ARAAQ,0
6437-UDQJM,1
7137-RYLPP,0
3016-KSVCP,0
8988-ECPJR,0
6298-QDFNH,0
4366-CTOUZ,0
1216-JWVUX,0
7410-YTJIK,0
2969-QWUBZ,0
8361-LTMKD,0
1374-DMZUI,0
7134-MJPDY,1
7673-LPRNY,1
0774-IFUVM,1
3523-BRGUW,1
5857-TYBCJ,0
7439-DKZTW,1
0233-FTHAV,1
6651-AZVTJ,0
3811-VBYBZ,0
8622-ZLFKO,0
1371-WEPDS,0
6386-SZZKH,0
8510-BBWMU,0
6371-NZYEG,0
1329-VHWNP,0
1384-RCUXW,0
6152-ONASV,0
0575-CUQOV,0
0506-LVNGN,1
7470-MCQTK,0
5985-TBABQ,0
6904-JLBGY,0
3724-UCSHY,0
0675-NCDYU,0
3001-CBHLQ,1
3566-HJGPK,0
6475-VHUIZ,1
8707-HOEDG,0
0392-BZIUW,0
4378-MYPGO,1
9289-LBQVU,0
4312-GVYNH,0
4871-JTKJF,0
9643-YBLUR,1
8972-HJWNV,0
1925-TIBLE,0
0723-VSOBE,1
6135-OZQVA,0
6691-CCIHA,0
4635-EJYPD,0
1596-OQSPS,0
8619-IJNDK,0
7813-ZGGAW,0
2176-OSJUV,0
1744-JHKYS,1
2424-WVHPL,1
3645-DEYGF,1
5448-VWNAM,0
9824-BEMCV,0
5515-RUGKN,0
9944-HKVVB,0
7787-BNTZM,1
4083-BFNYK,0
7269-JISCY,1
8617-ENBDS,0
2378-VTKDH,0
5577-OTWWW,0
9644-UMGQA,0
7548-SEPYI,0
9448-REEVD,0
6131-FOYAS,0
7029-RPUAV,0
2683-JXWQQ,0
5453-AXEPF,0
8023-QHAIO,0
5167-ZFFMM,0
7108-DGVUU,0
1241-FPMOF,0
3374-LXDEV,0
1304-SEGFY,0
7586-ZATGZ,0
9894-QMIMJ,0
8286-AFUYI,0
0727-BNRLG,0
4350-ZTLPI,0
1407-DIGZV,0
1732-FEKLD,0
0820-FNRNX,1
4692-NNQRU,1
8065-YKXKD,0
1163-ONYEY,0
7322-OCWHC,0
6692-YQHXC,0
9489-JMTTN,1
9361-YNQWJ,0
1170-SASML,0
0396-UKGAI,1
1162-ECVII,0
7351-MHQVU,1
6586-PSJOX,0
7242-EDTYC,0
9661-ACXBS,1
2672-OJQZP,0
9300-AGZNL,0
1561-BWHIN,1
9800-OUIGR,0
6402-EJMWF,0
5884-GCYMI,0
2011-TRQYE,0
2834-JKOOW,0
0771-CHWSK,0
3916-NRPAP,0
2038-LLMLM,0
9741-YLNTD,0
3540-RZJYU,0
2682-KEVRP,0
3798-EPWRR,0
6509-TSGWN,0
3882-IYOIJ,0
8559-WNQZS,1
0739-UUAJR,0
0221-WMXNQ,0
7579-KKLOE,1
1062-LHZOD,0
2937-FTHUR,0
1794-SWWKL,0
5641-DMBFJ,0
3523-QRQLL,0
4883-KCPZJ,0
0657-DOGUM,1
5696-CEIQJ,0
5320-BRKGK,0
2362-IBOOY,0
2040-OBMLJ,0
1215-FIGMP,0
0963-ZBDRN,0
7310-EGVHZ,1
0229-LFJAF,0
2865-TCHJW,0
9889-TMAHG,0
4806-HIPDW,0
8904-OPDCK,0
3982-XWFZQ,0
9621-OUPYD,0
7722-VJRQD,1
1680-VDCWW,1
3570-YUEKJ,0
1982-FEBTD,0
8631-XVRZL,0
0412-UCCNP,0
2927-QRRQV,0
2160-GPFXD,0
5442-PPTJY,1
4360-PNRQB,0
7572-KPVKK,1
5348-CAGXB,0
5232-NXPAY,0
4514-GFCFI,0
0960-HUWBM,0
2817-LVCPP,0
4629-NRXKX,1
5701-SVCWR,1
8073-IJDCM,1
8980-WQFWL,1
3229-USWAR,0
9805-FILKB,0
9972-NKTFD,0
2272-QAGFO,0
6168-WFVVF,0
5512-IDZEI,0
6656-JWRQX,0
6827-IEAUQ,0
8421-WZOOW,1
3352-ALMCK,0
3557-HTYWR,0
3617-XLSGQ,0
9411-TPQQV,1
2325-NBPZG,0
3234-VKACU,0
4092-OFQZS,0
1470-PSXNM,0
9708-HPXWZ,0
2233-FAGXV,0
5364-EVNIB,0
2202-CUYXZ,0
5575-TPIZQ,0
6366-XIVKZ,0
8975-SKGRX,0
4231-LZUYM,0
9054-FOWNV,1
8748-HFWBO,0
7463-IFMQU,0
1139-WUOAH,0
1506-YJTYT,0
9342-VNIMQ,0
8111-RKSPX,0
7216-KAOID,0
8963-JLGJT,1
2667-WYLWJ,0
9081-WWXKP,0
0320-JDNQG,0
0576-WNXXC,0
1485-YDHMM,0
1618-CFHME,1
5226-NOZFC,0
5828-DWPIL,0
6362-QHAFM,0
1448-CYWKC,0
3086-RUCRN,0
5193-QLVZB,0
9617-INGJY,1
8417-FMLZI,0
4198-VFOEA,0
9895-VFOXH,1
5792-JALQC,1
2957-JIRMN,1
3312-ZWLGF,0
8735-SDUFN,0
1227-UDMZR,0
0843-WTBXE,0
5312-UXESG,0
3694-DELSO,0
4656-CAURT,0
8152-UOBNY,0
2239-CGBUZ,0
2123-AGEEN,0
8325-QRPZR,0
4829-ZLJTK,1
5533-RJFTJ,0
1810-BOHSY,0
5835-BEQEU,0
5514-YQENT,1
7495-OOKFY,0
6060-DRTNL,0
5875-YPQFJ,0
3154-HMWUU,0
5406-KGRMX,0
8563-IIOXK,0
8690-UPCZI,0
2990-HWIML,0
1682-VCOIO,0
7508-MYBOG,1
8042-JVNFH,0
4804-NCPET,0
3146-MSEGF,1
9114-VEPUF,0
8495-PRWFH,0
4559-UWIHT,0
7996-MHXLW,0
1357-BIJKI,0
9570-KYEUA,0
3481-JHUZH,1
6972-SNKKW,1
9412-GHEEC,1
3132-TVFDZ,0
0137-OCGAB,0
4547-LYTDD,0
1073-XXCZD,1
0013-MHZWF,0
9374-YOLBJ,0
1456-TWCGB,0
4140-MUHUG,0
1447-PJGGA,1
7711-GQBZC,1
9372-TXXPS,1
4979-HPRFL,1
0932-YIXYU,1
9258-CNWAC,0
0742-LAFQK,0
7110-BDTWG,1
3748-FVMZZ,1
1090-ESELR,1
2428-HYUNX,0
9069-LGEUL,0
5244-IRFIH,1
3070-DVEYC,0
2023-VQFDL,1
3892-NXAZG,1
8741-LQOBK,0
2408-PSJVE,0
7239-HZZCX,0
3627-FHKBK,0
7255-SSFBC,0
9367-WXLCH,0
2121-JAFOM,0
6418-PIQSP,0
5198-EFNBM,1
6776-TLWOI,0
0927-LCSMG,0
3334-CTHOL,1
6997-UVGOX,1
5955-EPOAZ,0
3195-TQDZX,0
5921-NGYRH,1
2123-VSCOT,0
9504-YAZWB,0
8714-EUHJO,0
0454-OKRCT,0
8402-EIVQS,1
6384-VMJHP,1
1752-OZXFY,1
3389-YGYAI,0
6923-EFPNL,0
8590-YFFQO,0
2030-BTZRO,0
4257-GAESD,0
6259-WJQLC,0
6283-GITPX,0
6873-UDNLD,1
9239-GZHZE,0
6036-TTFYU,0
6772-KSATR,0
2632-UCGVD,0
4115-BNPJY,0
3703-TTEPD,1
3410-MHHUM,0
9738-QLWTP,0
8885-QSQBX,0
3001-UNBTL,0
1025-FALIX,0
2418-TPEUN,1
6230-BSUXY,1
7989-VCQOH,0
6116-RFVHN,0
1640-PLFMP,0
6543-XRMYR,0
0562-FGDCR,1
5327-XOKKY,0
3192-LNKRK,0
1513-XNPPH,0
1934-MKPXS,0
6265-FRMTQ,0
5774-XZTQC,0
4062-HBMOS,0
7243-LCGGZ,0
2862-PFNIK,0
5402-HTOTQ,0
9278-VZKCD,1
0975-VOOVL,1
6579-JPICP,1
2242-MFOTG,0
8984-EYLLL,0
7516-GMHUV,0
3372-KWFBM,1
8268-YDIXR,0
2823-LKABH,0
4723-BEGSG,0
7244-KXYZN,0
1816-FLZDK,0
1432-FPAXX,0
4524-QCSSM,0
9350-ZXYJC,0
2462-XIIJB,0
4009-ALQFH,1
1320-HTRDR,0
6351-SCJKT,0
6741-QRLUP,1
4822-LPTYJ,1
1905-OEILC,0
5498-TXHLF,0
1897-RCFUM,1
4750-ZRXIU,1
6513-EECDB,0
3521-SYVOR,0
7515-LODFU,0
6924-TDGMT,0
8749-JMNKX,0
5119-NZPTV,0
7396-VJUZB,0
0147-ESWWR,0
9972-VAFJJ,1
0902-RFHOF,1
9351-LZYGF,1
6549-NNDYT,0
6603-YRDCJ,1
1428-IEDPR,0
1104-FEJAM,0
5681-LLOEI,1
8722-NGNBH,0
7876-BEUTG,0
6094-ZIVKX,0
5334-JLAXU,0
5966-EMAZU,1
2761-XECQW,1
6726-WEXXK,1
4581-LNWUM,0
5373-SFODM,0
0533-UCAAU,0
2746-DIJLO,0
2676-SSLTO,0
2651-ZCBXV,0
5546-BYZSM,0
6158-DWPZT,1
2239-JALAW,0
8802-UNOJF,0
8168-UQWWF,0
0318-QUUOB,0
3932-CMDTD,0
4817-VYYWS,0
5626-MGTUK,0
1166-PQLGG,0
8076-FEZKJ,1
8388-FYNPZ,1
8194-PEEBY,0
0345-XMMUG,0
2039-JONDJ,0
2014-MKGMH,1
4877-EVATK,0
8313-AFGBW,1
1354-YZFNB,1
2753-JMMCV,0
5003-XZWWO,0
6849-WLEYG,0
6586-MYGKD,0
7595-EUIVN,0
6855-VLGOS,0
7197-VOJMM,0
2676-ISHSF,1
6133-OZILE,0
9000-PLFUZ,0
3400-ESFUW,0
3097-FQTVJ,0
0215-BQKGS,1
8514-VZHEB,1
3572-UOLYZ,0
5673-TIYIB,0
0603-OLQDC,0
3316-UWXUY,0
4837-QUSFT,0
5277-ZLOOR,0
7691-KGKGP,1
6317-YPKDH,1
7356-AYNJP,1
3756-VNWDH,1
0098-BOWSO,0
9143-CANJF,1
6172-FECYY,0
6235-VDHOM,1
3487-EARAT,0
1307-TVUFB,1
5616-PRTNT,0
1678-FYZOW,0
0378-CJKPV,0
7321-ZNSLA,1
6994-FGRHH,0
2252-JHJGE,0
2141-RRYGO,0
7821-DPRQE,0
2178-PMGCJ,0
5854-KSRBJ,0
5734-EJKXG,0
1452-VOQCH,0
1850-AKQEP,0
7479-NITWS,0
8393-JMVMB,0
1686-STUHN,0
6870-ZWMNX,0
1989-PRJHP,0
6994-ORCWG,0
6029-CSMJE,0
2403-BCASL,1
2821-WARNZ,0
9122-UMROB,1
9330-IJWIO,0
2332-EFBJY,1
4389-UEFCZ,0
6124-ACRHJ,1
7394-FKDNK,1
9629-NHXFW,1
7481-ATQQS,0
0094-OIFMO,1
6244-BESBM,0
0887-HJGAR,0
4137-JOPHL,0
8950-MTZNV,0
5868-CZJDR,0
3489-VSFRD,1
2472-OVKUP,0
8840-DQLGN,0
6211-WHMYA,0
7450-NWRTR,0
1767-CJKBA,0
8100-HZZLJ,0
3407-QGWLG,0
3097-NQYSN,0
4526-RMTLL,0
9674-EHPPG,0
3842-IYKUE,1
7359-SSBJK,1
7181-OQCUT,1
5751-USDBL,0
8434-VGEQQ,0
7838-LAZFO,0
4846-WHAFZ,0
8685-WHQPW,0
3750-CKVKH,0
1471-GIQKQ,0
2483-XSSMZ,0
5174-ITUMV,1
0376-OIWME,0
3165-HDOEW,0
7184-LRUUR,1
4189-NAKJS,1
8944-AILEF,0
3190-ITQXP,1
6204-IEUXJ,1
0136-IFMYD,1
2282-YGNOR,0
5727-MYATE,0
2026-TGDHM,0
9964-WBQDJ,0
8410-BGQXN,1
3003-CMDUU,0
1724-IQWNM,0
3765-JXVKY,0
3445-HXXGF,0
4583-PARNH,0
6507-DTJZV,0
4525-VZCZG,0
5549-ZGHFB,0
9958-MEKUC,0
0564-MUUQK,0
5795-KTGUD,1
5975-BAICR,0
6032-IGALN,0
9408-HRXRK,0
4201-JMNGR,0
2595-KIWPV,0
0565-JUPYD,0
5606-AMZBO,0
2575-GFSOE,1
6015-VVHHE,0
6202-JVYEU,1
7271-AJDTL,0
9031-ZVQPT,0
3992-YWPKO,0
0411-EZJZE,0
6288-CHQJB,0
3522-CDKHF,1
3842-QTGDL,0
3393-FMZPV,0
7240-ETPTR,0
3866-MDTUB,1
4881-GQJTW,0
3237-AJGEH,1
6075-SLNIL,0
3644-QXEHN,0
3070-FNFZQ,0
5539-HIVAK,1
3419-SNJJD,0
1845-CSBRZ,1
0420-BWTPW,0
6967-PEJLL,0
4283-FUTGF,0
0810-BDHAW,0
2195-ZRVAX,0
1357-MVDOZ,0
9194-GFVOI,0
2088-IEBAU,0
0913-XWSCN,0
0708-LGSMF,1
0089-IIQKO,0
4159-NAAIX,0
1963-VAUKV,0
7272-QDCKA,1
2321-OMBXY,1
8515-OCTJS,0
2144-BFDSO,1
8042-RNLKO,0
0743-HNPFG,0
2800-QQUSO,0
9825-YCXWZ,0
8149-RSOUN,0
5351-QESIO,1
3058-HJCUY,0
2984-RGEYA,0
2716-GFZOR,0
0771-WLCLA,1
6013-BHCAW,0
1696-HXOWK,0
2054-PJOCK,0
0178-CIIKR,0
2924-KHUVI,0
8606-OEGQZ,0
8232-CTLKO,0
0536-BGFMZ,0
8715-KKTFG,0
0612-RTZZA,1
7964-YESJC,0
5640-CAXOA,0
5404-GGUKR,1
2612-RANWT,0
8473-VUVJN,1
7504-UWHNB,0
9885-MFVSU,0
7928-VJYAB,1
7977-HXJKU,0
9822-OAOVB,0
3190-FZATL,0
5389-FFVKB,0
3714-JTVOV,1
4550-VBOFE,0
8637-XJIVR,1
3030-YDNRM,0
8800-ZKRFW,0
4546-FOKWR,0
4631-OACRM,0
9170-ARBTB,0
3714-XPXBW,0
4654-ULTTN,0
9137-NOQKA,0
7594-LZNWR,1
8679-LZBMD,0
6928-ONTRW,1
9107-UKCKY,0
7850-VWJUU,0
5902-WBLSE,0
6683-VLCTZ,0
7207-RMRDB,1
1116-DXXDF,1
5256-SKJGO,1
3099-OONVS,1
8221-HVAYI,1
4636-TVXVG,1
5998-VVEJY,1
0164-APGRB,1
7483-IQWIB,1
8313-KTIHG,1
2239-CFOUJ,1
0840-DCNZE,1
9667-TKTVZ,1
7771-CFQRQ,1
9359-JANWS,1
2884-GBPFB,1
4737-HOBAX,1
6901-GOGZG,1
3170-NMYVV,1
0014-BMAQU,1
8819-IMISP,1
2660-EMUBI,1
8414-MYSHR,1
9133-AYJZG,1
8295-FHIVV,1
3144-AUDBS,1
8361-LBRDI,1
6358-LYNGM,1
7660-HDPJV,1
4832-VRBMR,1
